subreddit,title,published,sentiment
mood,Information about r/mood,2019-03-21T23:26:23+00:00,neutral
mood,Research on Emotional Experiences and their Association with Habitual Behaviors,2024-02-13T19:59:02+00:00,neutral
mood,"Have you ever used an emotional app (emotional recording, management, psychological healing ------)",2023-10-10T07:41:13+00:00,neutral
mood,Daily mood tracker with personalized data visualization,2023-09-25T15:30:17+00:00,neutral
mood,Technical tools for help coping with mood swings?,2023-09-12T13:22:21+00:00,neutral
mood,Do hsjwjjj,2023-09-05T06:20:24+00:00,neutral
mood,"International study (UniTO, Italy): dispositional and motivational structure in hoarding disorder (anyone can partecipate)",2023-06-29T09:05:35+00:00,neutral
mood,Salute To Happy,2023-06-28T07:55:03+00:00,positive
mood,Stress.,2023-04-18T12:29:39+00:00,neutral
mood,My feelings,2023-01-26T03:47:58+00:00,neutral
mood,Emotional,2023-01-26T03:34:07+00:00,neutral
mood,I hate my life!,2023-01-24T22:25:50+00:00,negative
mood,To much to ask for?,2023-01-24T22:21:35+00:00,positive
mood,Idk,2023-01-24T12:31:00+00:00,neutral
mood,I told my ex last night that I wanted to stop seeing her.,2022-11-30T15:20:30+00:00,neutral
mood,I don’t wanna go back,2022-11-27T21:21:46+00:00,neutral
mood,I hate my life,2022-11-22T23:55:09+00:00,negative
mood,no,2022-11-17T19:21:34+00:00,neutral
mood,Mood tracking research,2022-11-10T14:03:10+00:00,neutral
mood,"why am I out, in the cold, in the dirt, where nobody hear my cry?",2022-11-05T17:35:01+00:00,negative
mood,Screaming into the Void,2022-10-20T02:09:50+00:00,neutral
mood,Why does everything just depress me even though I'm not depressed?,2022-10-15T04:41:12+00:00,negative
mood,You ever wish you could just ask to hang out with your favorite fictional character to avoid the stress of trying to figure out what friends you have to hang out with irl?,2022-10-13T00:31:15+00:00,positive
mood,Is music made for you?,2022-10-11T04:31:07+00:00,neutral
mood,Is music made for you?,2022-10-11T04:29:07+00:00,neutral
mood,Buried my cat and found a dog,2022-09-25T22:39:33+00:00,neutral
weather,is this even possible? does anyone have any account of when this happened?,2025-08-04T09:41:49+00:00,neutral
weather,"Double tornado today in Sochi, Russia",2025-08-03T17:02:27+00:00,neutral
weather,Daily post of rain showers at sea,2025-08-03T18:46:48+00:00,neutral
weather,"Air quality maps show how Canadian wildfire smoke is affecting Midwest, Northeast",2025-08-04T14:51:15+00:00,neutral
weather,Nacreous Cloud (rainbow cloud) in Orlando. Credit to u/studentofcode,2025-08-04T01:08:13+00:00,neutral
weather,The Atlantic Looking Active With 3 New Systems With Forming Potential In The Last Few Days,2025-08-03T23:53:27+00:00,negative
weather,Florida shelf clouds this morning.,2025-08-03T18:48:06+00:00,neutral
weather,How bad is this actually going to be and where do we think it will hit?,2025-08-03T15:47:29+00:00,negative
weather,What a pretty storm! (Not the best I've ever seen however),2025-08-04T00:29:45+00:00,positive
weather,Storm Floris latest: 'Do not travel' and 'danger to life' warnings as storm hits UK,2025-08-04T06:22:30+00:00,positive
weather,Hurricane sandy,2025-08-04T10:12:14+00:00,neutral
weather,Dust Devil in Texas,2025-08-03T00:06:06+00:00,neutral
weather,"August 1, 2025 | Extreme Weather Events & Natural Phenomena Worldwide",2025-08-03T20:12:34+00:00,negative
weather,Drought deepens in the West as fires rage.,2025-08-03T17:30:44+00:00,neutral
weather,Summer this year has been insufferable,2025-08-03T05:41:04+00:00,neutral
weather,Fire alert as California heatwave to cause triple-digit temperatures,2025-08-03T12:45:58+00:00,neutral
weather,"Hundreds of vehicles stranded as rare snowstorm hits New South Wales, Australia",2025-08-03T20:38:30+00:00,positive
weather,3 seperate FUNNEL CLOUDS? (This is IN THE UK BTW outside of my house),2025-08-04T00:23:28+00:00,neutral
weather,What is this line of rain clouds sweeping across called?,2025-08-02T18:45:20+00:00,neutral
weather,Thunderstorm over Everglades National Park viewed from sea,2025-08-02T21:05:27+00:00,neutral
weather,"July 31, 2025 | Extreme Weather Events & Natural Phenomena Worldwide",2025-08-02T21:28:23+00:00,negative
weather,BBC Weather Watchers report for Stoke Newington #weatherwatchers,2025-08-03T17:47:58+00:00,neutral
weather,"We got a storm coming to the uk, what winds do falling trees become a risk like medium ones",2025-08-03T20:06:27+00:00,neutral
weather,Here comes the heat.... again.,2025-08-03T16:13:39+00:00,neutral
weather,[FL] A single pink cloud bathed our entire neighborhood in pink light.,2025-08-02T04:13:47+00:00,positive
productivity,New rule: AI generated posts and comments are not allowed,2025-06-09T13:26:02+00:00,positive
productivity,i discovered why most people never actually change (and its not what you think),2025-08-04T04:40:44+00:00,positive
productivity,Willpower Is Useless Against Your Phone. This Is What's Actually Working For Me.,2025-08-04T04:15:30+00:00,negative
productivity,Switching to a paper planner actually increased my productivity,2025-08-04T11:38:47+00:00,neutral
productivity,I NEED TO FIXX MY SLEEEEEP SCHEDULE ASAP! HOW?!?,2025-08-04T14:30:17+00:00,neutral
productivity,how to stop myself from checking WhatsApp,2025-08-04T12:52:18+00:00,neutral
productivity,I tested 10 focus hacks for 30 days and here’s what actually worked (and what’s a waste of time),2025-08-04T07:41:16+00:00,negative
productivity,3 reasons why having your phone out of sight instead of beside you is better for doing deep work (and why 2FA isn't as big an issue as you claim it is),2025-08-04T11:28:56+00:00,positive
productivity,Recently divorced and stopped being productive,2025-08-04T08:33:50+00:00,neutral
productivity,How do y'all stay highly productive without too much stress,2025-08-03T18:32:25+00:00,positive
productivity,Anyone else lose track of saved Reels and Shorts?,2025-08-04T11:48:23+00:00,neutral
productivity,"I’m failing at every single goal I make, how do I turn things around?",2025-08-04T15:30:26+00:00,negative
productivity,"Best AI voice to text tool, doesn't have to be free necessarily",2025-08-04T15:01:27+00:00,positive
productivity,Healthy productive lifestyle man,2025-08-04T05:37:56+00:00,positive
productivity,"Repeatably checklist app for windows, for checklists to be reused multiple times?",2025-08-04T08:41:11+00:00,neutral
productivity,How do you save articles for TTS (in the post-Pocket era),2025-08-04T11:02:16+00:00,neutral
productivity,"I Pinned My Dream Habit to Candy & Deleted the Scroll Trap—Did It in 7 Days, You Can Too",2025-08-04T02:01:31+00:00,neutral
productivity,I’m spending more time organizing my work than actually doing it,2025-08-03T01:49:34+00:00,positive
productivity,advice/apps for busy hs student??,2025-08-04T02:08:41+00:00,positive
productivity,I stopped organizing my work manually and it’s surprisingly helpful,2025-08-03T07:34:32+00:00,positive
productivity,"How to set timer on pc apps (eg. whatsapp, etc.).",2025-08-04T09:10:52+00:00,neutral
productivity,Do you consider yourself as a productive person ??,2025-08-03T23:12:50+00:00,neutral
productivity,Managing multiple family calendars,2025-08-04T07:31:50+00:00,neutral
productivity,How to break out of compulsive phone use that's wrecking daily life?,2025-08-03T14:51:53+00:00,neutral
productivity,Distractions during study breaks [I am a student please help],2025-08-03T19:01:12+00:00,neutral
productivity,Journaling one small win each day. Has anyone tried this for work habits?,2025-08-03T16:29:13+00:00,positive
